"Call to memory access function may overflow buffer","Incorrect use of a function that accesses a memory buffer may read or write data past the end of that buffer.","recommendation","This 'memmove' operation accesses 16 bytes but the [[""destination buffer""|""relative:///src/lib/core/CHIPCallback.h:53:12:53:19""]] is only 8 bytes.","/src/app/util/CHIPDeviceCallbacksMgr.cpp","109","5","109","11"
"Call to memory access function may overflow buffer","Incorrect use of a function that accesses a memory buffer may read or write data past the end of that buffer.","recommendation","This 'memcpy' operation accesses 16 bytes but the [[""destination buffer""|""relative:///src/lib/core/CHIPCallback.h:53:12:53:19""]] is only 8 bytes.","/src/app/util/CHIPDeviceCallbacksMgr.cpp","67","5","67","10"
"Call to memory access function may overflow buffer","Incorrect use of a function that accesses a memory buffer may read or write data past the end of that buffer.","recommendation","This 'memcpy' operation accesses 16 bytes but the [[""destination buffer""|""relative:///src/lib/core/CHIPCallback.h:53:12:53:19""]] is only 8 bytes.","/src/app/util/CHIPDeviceCallbacksMgr.cpp","68","5","68","10"
"Potentially overrunning write","Buffer write operations that do not control the length of data written may overflow.","error","This 'call to sprintf' operation requires 27 bytes but the destination is only 15 bytes.","/src/lib/mdns/Advertiser_ImplMinimalMdns.cpp","538","9","538","15"
"Potentially overrunning write","Buffer write operations that do not control the length of data written may overflow.","error","This 'call to sprintf' operation requires 15 bytes but the destination is only 9 bytes.","/src/lib/mdns/Advertiser_ImplMinimalMdns.cpp","548","9","548","15"
"Potentially overrunning write","Buffer write operations that do not control the length of data written may overflow.","error","This 'call to sprintf' operation requires 14 bytes but the destination is only 8 bytes.","/src/lib/mdns/Advertiser_ImplMinimalMdns.cpp","570","9","570","15"
"Potentially overrunning write","Buffer write operations that do not control the length of data written may overflow.","error","This 'call to sprintf' operation requires 15 bytes but the destination is only 5 bytes.","/src/lib/mdns/Advertiser_ImplMinimalMdns.cpp","578","9","578","15"
"Comparison of narrow type with wide type in loop condition","Comparisons between types of different widths in a loop condition can cause the loop to behave unexpectedly.","warning","Comparison between [[""i""|""relative:///src/app/util/util.cpp:944:13:944:13""]] of type uint8_t and [[""len""|""relative:///src/app/util/util.cpp:942:70:942:72""]] of wider type uint16_t.","/src/app/util/util.cpp","995","21","995","27"
"Comparison of narrow type with wide type in loop condition","Comparisons between types of different widths in a loop condition can cause the loop to behave unexpectedly.","warning","Comparison between [[""i""|""relative:///src/lib/mdns/minimal/core/QName.h:58:23:58:23""]] of type uint16_t and [[""nameCount""|""relative:///src/lib/mdns/minimal/core/QName.h:46:12:46:20""]] of wider type size_t.","/src/lib/mdns/minimal/core/QName.h","58","30","58","42"
"Comparison of narrow type with wide type in loop condition","Comparisons between types of different widths in a loop condition can cause the loop to behave unexpectedly.","warning","Comparison between [[""ptr""|""relative:///third_party/lwip/repo/lwip/src/core/mem.c:606:14:606:16""]] of type mem_size_t and [[""... - ...""|""relative:///third_party/lwip/repo/lwip/src/core/mem.c:642:57:642:79""]] of wider type unsigned int.","/third_party/lwip/repo/lwip/src/core/mem.c","642","51","642","79"
"Comparison of narrow type with wide type in loop condition","Comparisons between types of different widths in a loop condition can cause the loop to behave unexpectedly.","warning","Comparison between [[""i""|""relative:///third_party/mbedtls/repo/library/ccm.c:371:19:371:19""]] of type unsigned char and [[""tag_len""|""relative:///third_party/mbedtls/repo/library/ccm.c:367:56:367:62""]] of wider type size_t.","/third_party/mbedtls/repo/library/ccm.c","389","27","389","37"
"Comparison of narrow type with wide type in loop condition","Comparisons between types of different widths in a loop condition can cause the loop to behave unexpectedly.","warning","Comparison between [[""i""|""relative:///third_party/mbedtls/repo/library/cipher.c:851:19:851:19""]] of type unsigned char and [[""padding_len""|""relative:///third_party/mbedtls/repo/library/cipher.c:850:12:850:22""]] of wider type size_t.","/third_party/mbedtls/repo/library/cipher.c","853","17","853","31"
"Comparison of narrow type with wide type in loop condition","Comparisons between types of different widths in a loop condition can cause the loop to behave unexpectedly.","warning","Comparison between [[""i""|""relative:///third_party/mbedtls/repo/library/cipher.c:812:19:812:19""]] of type unsigned char and [[""padding_len""|""relative:///third_party/mbedtls/repo/library/cipher.c:811:12:811:22""]] of wider type size_t.","/third_party/mbedtls/repo/library/cipher.c","815","17","815","31"
"Comparison of narrow type with wide type in loop condition","Comparisons between types of different widths in a loop condition can cause the loop to behave unexpectedly.","warning","Comparison between [[""i""|""relative:///third_party/mbedtls/repo/library/cipher.c:772:19:772:19""]] of type unsigned char and [[""padding_len""|""relative:///third_party/mbedtls/repo/library/cipher.c:771:12:771:22""]] of wider type size_t.","/third_party/mbedtls/repo/library/cipher.c","774","17","774","31"
"Potential integer arithmetic overflow","A user-controlled integer arithmetic expression that is not validated can cause overflows.","warning","[[""User-provided value""|""relative:///examples/chip-tool/main.cpp:41:85:41:88""]] flows to here and is used in an expression which might overflow.","/examples/chip-tool/commands/common/Command.cpp","110","43","110","50"
"Potential integer arithmetic overflow","A user-controlled integer arithmetic expression that is not validated can cause overflows.","warning","[[""User-provided value""|""relative:///examples/chip-tool/main.cpp:41:85:41:88""]] flows to here and is used in an expression which might overflow.","/examples/chip-tool/commands/common/Command.cpp","165","42","165","49"
"Potential integer arithmetic overflow","A user-controlled integer arithmetic expression that is not validated can cause overflows.","warning","[[""User-provided value""|""relative:///third_party/mbedtls/repo/library/ctr_drbg.c:609:16:609:18""]] flows to here and is used in an expression which might overflow.","/third_party/mbedtls/repo/library/ctr_drbg.c","238","9","238","16"
"Potential integer arithmetic overflow","A user-controlled integer arithmetic expression that is not validated can cause overflows.","warning","[[""User-provided value""|""relative:///third_party/mbedtls/repo/library/entropy.c:508:16:508:18""]] flows to here and is used in an expression which might overflow.","/third_party/mbedtls/repo/library/sha512.c","407","5","407","43"
"Potential integer arithmetic overflow","A user-controlled integer arithmetic expression that is not validated can cause overflows.","warning","[[""User-provided value""|""relative:///third_party/mbedtls/repo/library/entropy.c:508:16:508:18""]] flows to here and is used in an expression which might overflow.","/third_party/mbedtls/repo/library/sha512.c","407","20","407","22"
"Potential integer arithmetic overflow","A user-controlled integer arithmetic expression that is not validated can cause overflows.","warning","[[""User-provided value""|""relative:///third_party/mbedtls/repo/library/entropy.c:508:16:508:18""]] flows to here and is used in an expression which might overflow.","/third_party/mbedtls/repo/library/sha512.c","415","5","415","46"
"Potential integer arithmetic overflow","A user-controlled integer arithmetic expression that is not validated can cause overflows.","warning","[[""User-provided value""|""relative:///third_party/mbedtls/repo/library/entropy.c:508:16:508:18""]] flows to here and is used in an expression which might overflow.","/third_party/mbedtls/repo/library/sha512.c","415","20","415","32"
"Potential integer arithmetic overflow","A user-controlled integer arithmetic expression that is not validated can cause overflows.","warning","[[""User-provided value""|""relative:///third_party/mbedtls/repo/library/entropy.c:508:16:508:18""]] flows to here and is used in an expression which might overflow.","/third_party/mbedtls/repo/library/sha512.c","416","5","416","46"
"Potential integer arithmetic overflow","A user-controlled integer arithmetic expression that is not validated can cause overflows.","warning","[[""User-provided value""|""relative:///third_party/mbedtls/repo/library/entropy.c:508:16:508:18""]] flows to here and is used in an expression which might overflow.","/third_party/mbedtls/repo/library/sha512.c","416","20","416","32"
"Potential integer arithmetic overflow","A user-controlled integer arithmetic expression that is not validated can cause overflows.","warning","[[""User-provided value""|""relative:///third_party/mbedtls/repo/library/entropy.c:508:16:508:18""]] flows to here and is used in an expression which might overflow.","/third_party/mbedtls/repo/library/sha512.c","417","5","417","46"
"Potential integer arithmetic overflow","A user-controlled integer arithmetic expression that is not validated can cause overflows.","warning","[[""User-provided value""|""relative:///third_party/mbedtls/repo/library/entropy.c:508:16:508:18""]] flows to here and is used in an expression which might overflow.","/third_party/mbedtls/repo/library/sha512.c","417","20","417","32"
"Potential integer arithmetic overflow","A user-controlled integer arithmetic expression that is not validated can cause overflows.","warning","[[""User-provided value""|""relative:///third_party/mbedtls/repo/library/entropy.c:508:16:508:18""]] flows to here and is used in an expression which might overflow.","/third_party/mbedtls/repo/library/sha512.c","418","5","418","46"
"Potential integer arithmetic overflow","A user-controlled integer arithmetic expression that is not validated can cause overflows.","warning","[[""User-provided value""|""relative:///third_party/mbedtls/repo/library/entropy.c:508:16:508:18""]] flows to here and is used in an expression which might overflow.","/third_party/mbedtls/repo/library/sha512.c","418","20","418","32"
"Potential integer arithmetic overflow","A user-controlled integer arithmetic expression that is not validated can cause overflows.","warning","[[""User-provided value""|""relative:///third_party/mbedtls/repo/library/entropy.c:508:16:508:18""]] flows to here and is used in an expression which might overflow.","/third_party/mbedtls/repo/library/sha512.c","419","5","419","46"
"Potential integer arithmetic overflow","A user-controlled integer arithmetic expression that is not validated can cause overflows.","warning","[[""User-provided value""|""relative:///third_party/mbedtls/repo/library/entropy.c:508:16:508:18""]] flows to here and is used in an expression which might overflow.","/third_party/mbedtls/repo/library/sha512.c","419","20","419","32"
"Potential integer arithmetic overflow","A user-controlled integer arithmetic expression that is not validated can cause overflows.","warning","[[""User-provided value""|""relative:///third_party/mbedtls/repo/library/entropy.c:508:16:508:18""]] flows to here and is used in an expression which might overflow.","/third_party/mbedtls/repo/library/sha512.c","420","5","420","46"
"Potential integer arithmetic overflow","A user-controlled integer arithmetic expression that is not validated can cause overflows.","warning","[[""User-provided value""|""relative:///third_party/mbedtls/repo/library/entropy.c:508:16:508:18""]] flows to here and is used in an expression which might overflow.","/third_party/mbedtls/repo/library/sha512.c","420","20","420","32"
"Potential integer arithmetic overflow","A user-controlled integer arithmetic expression that is not validated can cause overflows.","warning","[[""User-provided value""|""relative:///third_party/mbedtls/repo/library/entropy.c:508:16:508:18""]] flows to here and is used in an expression which might overflow.","/third_party/mbedtls/repo/library/sha512.c","424","9","424","50"
"Potential integer arithmetic overflow","A user-controlled integer arithmetic expression that is not validated can cause overflows.","warning","[[""User-provided value""|""relative:///third_party/mbedtls/repo/library/entropy.c:508:16:508:18""]] flows to here and is used in an expression which might overflow.","/third_party/mbedtls/repo/library/sha512.c","424","24","424","36"
"Potential integer arithmetic overflow","A user-controlled integer arithmetic expression that is not validated can cause overflows.","warning","[[""User-provided value""|""relative:///third_party/mbedtls/repo/library/entropy.c:508:16:508:18""]] flows to here and is used in an expression which might overflow.","/third_party/mbedtls/repo/library/sha512.c","425","9","425","50"
"Potential integer arithmetic overflow","A user-controlled integer arithmetic expression that is not validated can cause overflows.","warning","[[""User-provided value""|""relative:///third_party/mbedtls/repo/library/entropy.c:508:16:508:18""]] flows to here and is used in an expression which might overflow.","/third_party/mbedtls/repo/library/sha512.c","425","24","425","36"
"Potential integer arithmetic overflow","A user-controlled integer arithmetic expression that is not validated can cause overflows.","warning","[[""User-provided value""|""relative:///third_party/mbedtls/repo/library/entropy.c:508:16:508:18""]] flows to here and is used in an expression which might overflow.","/third_party/mbedtls/repo/library/sha512.c","270","9","270","47"
"Potential integer arithmetic overflow","A user-controlled integer arithmetic expression that is not validated can cause overflows.","warning","[[""User-provided value""|""relative:///third_party/mbedtls/repo/library/entropy.c:508:16:508:18""]] flows to here and is used in an expression which might overflow.","/third_party/mbedtls/repo/library/sha512.c","271","9","271","47"
"Potential integer arithmetic overflow","A user-controlled integer arithmetic expression that is not validated can cause overflows.","warning","[[""User-provided value""|""relative:///third_party/mbedtls/repo/library/entropy.c:508:16:508:18""]] flows to here and is used in an expression which might overflow.","/third_party/mbedtls/repo/library/sha512.c","272","9","272","47"
"Potential integer arithmetic overflow","A user-controlled integer arithmetic expression that is not validated can cause overflows.","warning","[[""User-provided value""|""relative:///third_party/mbedtls/repo/library/entropy.c:508:16:508:18""]] flows to here and is used in an expression which might overflow.","/third_party/mbedtls/repo/library/sha512.c","273","9","273","47"
"Potential integer arithmetic overflow","A user-controlled integer arithmetic expression that is not validated can cause overflows.","warning","[[""User-provided value""|""relative:///third_party/mbedtls/repo/library/entropy.c:508:16:508:18""]] flows to here and is used in an expression which might overflow.","/third_party/mbedtls/repo/library/sha512.c","281","5","281","22"
"Potential integer arithmetic overflow","A user-controlled integer arithmetic expression that is not validated can cause overflows.","warning","[[""User-provided value""|""relative:///third_party/mbedtls/repo/library/entropy.c:508:16:508:18""]] flows to here and is used in an expression which might overflow.","/third_party/mbedtls/repo/library/sha512.c","282","5","282","22"
"Potential integer arithmetic overflow","A user-controlled integer arithmetic expression that is not validated can cause overflows.","warning","[[""User-provided value""|""relative:///third_party/mbedtls/repo/library/entropy.c:508:16:508:18""]] flows to here and is used in an expression which might overflow.","/third_party/mbedtls/repo/library/sha512.c","283","5","283","22"
"Potential integer arithmetic overflow","A user-controlled integer arithmetic expression that is not validated can cause overflows.","warning","[[""User-provided value""|""relative:///third_party/mbedtls/repo/library/entropy.c:508:16:508:18""]] flows to here and is used in an expression which might overflow.","/third_party/mbedtls/repo/library/sha512.c","284","5","284","22"
"Potential integer arithmetic overflow","A user-controlled integer arithmetic expression that is not validated can cause overflows.","warning","[[""User-provided value""|""relative:///third_party/mbedtls/repo/library/entropy.c:508:16:508:18""]] flows to here and is used in an expression which might overflow.","/third_party/mbedtls/repo/library/sha512.c","285","5","285","22"
"Potential integer arithmetic overflow","A user-controlled integer arithmetic expression that is not validated can cause overflows.","warning","[[""User-provided value""|""relative:///third_party/mbedtls/repo/library/entropy.c:508:16:508:18""]] flows to here and is used in an expression which might overflow.","/third_party/mbedtls/repo/library/sha512.c","286","5","286","22"
"Potential integer arithmetic overflow","A user-controlled integer arithmetic expression that is not validated can cause overflows.","warning","[[""User-provided value""|""relative:///third_party/mbedtls/repo/library/entropy.c:508:16:508:18""]] flows to here and is used in an expression which might overflow.","/third_party/mbedtls/repo/library/sha512.c","287","5","287","22"
"Potential integer arithmetic overflow","A user-controlled integer arithmetic expression that is not validated can cause overflows.","warning","[[""User-provided value""|""relative:///third_party/mbedtls/repo/library/entropy.c:508:16:508:18""]] flows to here and is used in an expression which might overflow.","/third_party/mbedtls/repo/library/sha512.c","288","5","288","22"
"User-controlled data in arithmetic expression","Arithmetic operations on user-controlled data that is not validated can cause overflows.","warning","[[""User-provided value""|""relative:///third_party/mbedtls/repo/library/ctr_drbg.c:609:16:609:18""]] flows to here and is used in arithmetic, potentially causing an overflow.","/third_party/mbedtls/repo/library/ctr_drbg.c","238","9","238","14"
"User-controlled data in arithmetic expression","Arithmetic operations on user-controlled data that is not validated can cause overflows.","warning","[[""User-provided value""|""relative:///third_party/mbedtls/repo/library/entropy.c:508:16:508:18""]] flows to here and is used in arithmetic, potentially causing an overflow.","/third_party/mbedtls/repo/library/sha512.c","270","33","270","33"
"User-controlled data in arithmetic expression","Arithmetic operations on user-controlled data that is not validated can cause overflows.","warning","[[""User-provided value""|""relative:///third_party/mbedtls/repo/library/entropy.c:508:16:508:18""]] flows to here and is used in arithmetic, potentially causing an overflow.","/third_party/mbedtls/repo/library/sha512.c","271","33","271","33"
"User-controlled data in arithmetic expression","Arithmetic operations on user-controlled data that is not validated can cause overflows.","warning","[[""User-provided value""|""relative:///third_party/mbedtls/repo/library/entropy.c:508:16:508:18""]] flows to here and is used in arithmetic, potentially causing an overflow.","/third_party/mbedtls/repo/library/sha512.c","272","33","272","33"
"User-controlled data in arithmetic expression","Arithmetic operations on user-controlled data that is not validated can cause overflows.","warning","[[""User-provided value""|""relative:///third_party/mbedtls/repo/library/entropy.c:508:16:508:18""]] flows to here and is used in arithmetic, potentially causing an overflow.","/third_party/mbedtls/repo/library/sha512.c","273","33","273","33"
"Use of a broken or risky cryptographic algorithm","Using broken or weak cryptographic algorithms can allow an attacker to compromise security.","error","This macro invocation specifies a broken or weak cryptographic algorithm.","/third_party/mbedtls/repo/include/mbedtls/des.h","339","50","339","69"
"Use of a broken or risky cryptographic algorithm","Using broken or weak cryptographic algorithms can allow an attacker to compromise security.","error","This macro invocation specifies a broken or weak cryptographic algorithm.","/third_party/mbedtls/repo/include/mbedtls/des.h","234","47","234","66"
"Use of a broken or risky cryptographic algorithm","Using broken or weak cryptographic algorithms can allow an attacker to compromise security.","error","This macro invocation specifies a broken or weak cryptographic algorithm.","/third_party/mbedtls/repo/include/mbedtls/des.h","223","47","223","66"
"Use of a broken or risky cryptographic algorithm","Using broken or weak cryptographic algorithms can allow an attacker to compromise security.","error","This macro invocation specifies a broken or weak cryptographic algorithm.","/third_party/mbedtls/repo/include/mbedtls/des.h","212","47","212","66"
"Use of a broken or risky cryptographic algorithm","Using broken or weak cryptographic algorithms can allow an attacker to compromise security.","error","This macro invocation specifies a broken or weak cryptographic algorithm.","/third_party/mbedtls/repo/include/mbedtls/des.h","201","47","201","66"
"Use of a broken or risky cryptographic algorithm","Using broken or weak cryptographic algorithms can allow an attacker to compromise security.","error","This macro invocation specifies a broken or weak cryptographic algorithm.","/third_party/mbedtls/repo/include/mbedtls/des.h","190","79","190","98"
"Use of a broken or risky cryptographic algorithm","Using broken or weak cryptographic algorithms can allow an attacker to compromise security.","error","This macro invocation specifies a broken or weak cryptographic algorithm.","/third_party/mbedtls/repo/include/mbedtls/des.h","176","79","176","98"
"Use of a broken or risky cryptographic algorithm","Using broken or weak cryptographic algorithms can allow an attacker to compromise security.","error","This macro invocation specifies a broken or weak cryptographic algorithm.","/third_party/mbedtls/repo/include/mbedtls/des.h","162","57","162","76"
"Use of a broken or risky cryptographic algorithm","Using broken or weak cryptographic algorithms can allow an attacker to compromise security.","error","This macro invocation specifies a broken or weak cryptographic algorithm.","/third_party/mbedtls/repo/include/mbedtls/des.h","149","63","149","82"
"Use of a broken or risky cryptographic algorithm","Using broken or weak cryptographic algorithms can allow an attacker to compromise security.","error","This macro invocation specifies a broken or weak cryptographic algorithm.","/third_party/mbedtls/repo/include/mbedtls/des.h","133","52","133","71"
"Use of a broken or risky cryptographic algorithm","Using broken or weak cryptographic algorithms can allow an attacker to compromise security.","error","This function call specifies a broken or weak cryptographic algorithm.","/third_party/mbedtls/repo/library/cipher_wrap.c","1525","5","1525","21"
"Use of a broken or risky cryptographic algorithm","Using broken or weak cryptographic algorithms can allow an attacker to compromise security.","error","This function call specifies a broken or weak cryptographic algorithm.","/third_party/mbedtls/repo/library/cipher_wrap.c","1518","5","1518","21"
"Use of a broken or risky cryptographic algorithm","Using broken or weak cryptographic algorithms can allow an attacker to compromise security.","error","This function call specifies a broken or weak cryptographic algorithm.","/third_party/mbedtls/repo/library/cipher_wrap.c","1506","5","1506","20"
"Use of a broken or risky cryptographic algorithm","Using broken or weak cryptographic algorithms can allow an attacker to compromise security.","error","This function call specifies a broken or weak cryptographic algorithm.","/third_party/mbedtls/repo/library/cipher_wrap.c","1499","5","1499","20"
"Use of a broken or risky cryptographic algorithm","Using broken or weak cryptographic algorithms can allow an attacker to compromise security.","error","This function call specifies a broken or weak cryptographic algorithm.","/third_party/mbedtls/repo/library/cipher_wrap.c","1489","12","1489","35"
"Use of a broken or risky cryptographic algorithm","Using broken or weak cryptographic algorithms can allow an attacker to compromise security.","error","This function call specifies a broken or weak cryptographic algorithm.","/third_party/mbedtls/repo/library/cipher_wrap.c","1481","12","1481","35"
"Use of a broken or risky cryptographic algorithm","Using broken or weak cryptographic algorithms can allow an attacker to compromise security.","error","This function call specifies a broken or weak cryptographic algorithm.","/third_party/mbedtls/repo/library/cipher_wrap.c","1473","12","1473","35"
"Use of a broken or risky cryptographic algorithm","Using broken or weak cryptographic algorithms can allow an attacker to compromise security.","error","This function call specifies a broken or weak cryptographic algorithm.","/third_party/mbedtls/repo/library/cipher_wrap.c","1465","12","1465","35"
"Use of a broken or risky cryptographic algorithm","Using broken or weak cryptographic algorithms can allow an attacker to compromise security.","error","This function call specifies a broken or weak cryptographic algorithm.","/third_party/mbedtls/repo/library/cipher_wrap.c","1457","12","1457","33"
"Use of a broken or risky cryptographic algorithm","Using broken or weak cryptographic algorithms can allow an attacker to compromise security.","error","This function call specifies a broken or weak cryptographic algorithm.","/third_party/mbedtls/repo/library/cipher_wrap.c","1449","12","1449","33"
"Use of a broken or risky cryptographic algorithm","Using broken or weak cryptographic algorithms can allow an attacker to compromise security.","error","This function call specifies a broken or weak cryptographic algorithm.","/third_party/mbedtls/repo/library/cipher_wrap.c","1439","12","1439","33"
"Use of a broken or risky cryptographic algorithm","Using broken or weak cryptographic algorithms can allow an attacker to compromise security.","error","This function call specifies a broken or weak cryptographic algorithm.","/third_party/mbedtls/repo/library/cipher_wrap.c","1430","12","1430","32"
"Use of a broken or risky cryptographic algorithm","Using broken or weak cryptographic algorithms can allow an attacker to compromise security.","error","This function call specifies a broken or weak cryptographic algorithm.","/third_party/mbedtls/repo/library/cipher_wrap.c","1423","12","1423","33"
"Use of a broken or risky cryptographic algorithm","Using broken or weak cryptographic algorithms can allow an attacker to compromise security.","error","This function call specifies a broken or weak cryptographic algorithm.","/third_party/mbedtls/repo/library/cipher_wrap.c","1416","12","1416","32"
"Use of a broken or risky cryptographic algorithm","Using broken or weak cryptographic algorithms can allow an attacker to compromise security.","error","This function call specifies a broken or weak cryptographic algorithm.","/third_party/mbedtls/repo/library/des.c","884","5","884","20"
"Use of a broken or risky cryptographic algorithm","Using broken or weak cryptographic algorithms can allow an attacker to compromise security.","error","This function call specifies a broken or weak cryptographic algorithm.","/third_party/mbedtls/repo/library/des.c","885","5","885","21"
"Use of a broken or risky cryptographic algorithm","Using broken or weak cryptographic algorithms can allow an attacker to compromise security.","error","This macro invocation specifies a broken or weak cryptographic algorithm.","/third_party/mbedtls/repo/library/des.c","897","37","897","55"
"Use of a broken or risky cryptographic algorithm","Using broken or weak cryptographic algorithms can allow an attacker to compromise security.","error","This macro invocation specifies a broken or weak cryptographic algorithm.","/third_party/mbedtls/repo/library/des.c","939","20","939","38"
"Use of a broken or risky cryptographic algorithm","Using broken or weak cryptographic algorithms can allow an attacker to compromise security.","error","This macro invocation specifies a broken or weak cryptographic algorithm.","/third_party/mbedtls/repo/library/des.c","941","20","941","38"
"Use of a broken or risky cryptographic algorithm","Using broken or weak cryptographic algorithms can allow an attacker to compromise security.","error","This function call specifies a broken or weak cryptographic algorithm.","/third_party/mbedtls/repo/library/des.c","904","13","904","34"
"Use of a broken or risky cryptographic algorithm","Using broken or weak cryptographic algorithms can allow an attacker to compromise security.","error","This function call specifies a broken or weak cryptographic algorithm.","/third_party/mbedtls/repo/library/des.c","908","13","908","34"
"Use of a broken or risky cryptographic algorithm","Using broken or weak cryptographic algorithms can allow an attacker to compromise security.","error","This function call specifies a broken or weak cryptographic algorithm.","/third_party/mbedtls/repo/library/des.c","912","13","912","36"
"Use of a broken or risky cryptographic algorithm","Using broken or weak cryptographic algorithms can allow an attacker to compromise security.","error","This function call specifies a broken or weak cryptographic algorithm.","/third_party/mbedtls/repo/library/des.c","916","13","916","36"
"Use of a broken or risky cryptographic algorithm","Using broken or weak cryptographic algorithms can allow an attacker to compromise security.","error","This function call specifies a broken or weak cryptographic algorithm.","/third_party/mbedtls/repo/library/des.c","920","13","920","36"
"Use of a broken or risky cryptographic algorithm","Using broken or weak cryptographic algorithms can allow an attacker to compromise security.","error","This function call specifies a broken or weak cryptographic algorithm.","/third_party/mbedtls/repo/library/des.c","924","13","924","36"
"Use of a broken or risky cryptographic algorithm","Using broken or weak cryptographic algorithms can allow an attacker to compromise security.","error","This function call specifies a broken or weak cryptographic algorithm.","/third_party/mbedtls/repo/library/des.c","934","17","934","37"
"Use of a broken or risky cryptographic algorithm","Using broken or weak cryptographic algorithms can allow an attacker to compromise security.","error","This function call specifies a broken or weak cryptographic algorithm.","/third_party/mbedtls/repo/library/des.c","936","17","936","38"
"Use of a broken or risky cryptographic algorithm","Using broken or weak cryptographic algorithms can allow an attacker to compromise security.","error","This macro invocation specifies a broken or weak cryptographic algorithm.","/third_party/mbedtls/repo/library/des.c","970","37","970","55"
"Use of a broken or risky cryptographic algorithm","Using broken or weak cryptographic algorithms can allow an attacker to compromise security.","error","This macro invocation specifies a broken or weak cryptographic algorithm.","/third_party/mbedtls/repo/library/des.c","1006","18","1006","36"
"Use of a broken or risky cryptographic algorithm","Using broken or weak cryptographic algorithms can allow an attacker to compromise security.","error","This macro invocation specifies a broken or weak cryptographic algorithm.","/third_party/mbedtls/repo/library/des.c","1035","20","1035","38"
"Use of a broken or risky cryptographic algorithm","Using broken or weak cryptographic algorithms can allow an attacker to compromise security.","error","This macro invocation specifies a broken or weak cryptographic algorithm.","/third_party/mbedtls/repo/library/des.c","1037","20","1037","38"
"Use of a broken or risky cryptographic algorithm","Using broken or weak cryptographic algorithms can allow an attacker to compromise security.","error","This function call specifies a broken or weak cryptographic algorithm.","/third_party/mbedtls/repo/library/des.c","979","13","979","34"
"Use of a broken or risky cryptographic algorithm","Using broken or weak cryptographic algorithms can allow an attacker to compromise security.","error","This function call specifies a broken or weak cryptographic algorithm.","/third_party/mbedtls/repo/library/des.c","983","13","983","34"
"Use of a broken or risky cryptographic algorithm","Using broken or weak cryptographic algorithms can allow an attacker to compromise security.","error","This function call specifies a broken or weak cryptographic algorithm.","/third_party/mbedtls/repo/library/des.c","987","13","987","36"
"Use of a broken or risky cryptographic algorithm","Using broken or weak cryptographic algorithms can allow an attacker to compromise security.","error","This function call specifies a broken or weak cryptographic algorithm.","/third_party/mbedtls/repo/library/des.c","991","13","991","36"
"Use of a broken or risky cryptographic algorithm","Using broken or weak cryptographic algorithms can allow an attacker to compromise security.","error","This function call specifies a broken or weak cryptographic algorithm.","/third_party/mbedtls/repo/library/des.c","995","13","995","36"
"Use of a broken or risky cryptographic algorithm","Using broken or weak cryptographic algorithms can allow an attacker to compromise security.","error","This function call specifies a broken or weak cryptographic algorithm.","/third_party/mbedtls/repo/library/des.c","999","13","999","36"
"Use of a broken or risky cryptographic algorithm","Using broken or weak cryptographic algorithms can allow an attacker to compromise security.","error","This function call specifies a broken or weak cryptographic algorithm.","/third_party/mbedtls/repo/library/des.c","1011","21","1011","41"
"Use of a broken or risky cryptographic algorithm","Using broken or weak cryptographic algorithms can allow an attacker to compromise security.","error","This function call specifies a broken or weak cryptographic algorithm.","/third_party/mbedtls/repo/library/des.c","1013","21","1013","42"
"Use of a broken or risky cryptographic algorithm","Using broken or weak cryptographic algorithms can allow an attacker to compromise security.","error","This function call specifies a broken or weak cryptographic algorithm.","/third_party/mbedtls/repo/library/des.c","1023","21","1023","41"
"Use of a broken or risky cryptographic algorithm","Using broken or weak cryptographic algorithms can allow an attacker to compromise security.","error","This function call specifies a broken or weak cryptographic algorithm.","/third_party/mbedtls/repo/library/des.c","1025","21","1025","42"
"Use of a broken or risky cryptographic algorithm","Using broken or weak cryptographic algorithms can allow an attacker to compromise security.","error","This function call specifies a broken or weak cryptographic algorithm.","/third_party/mbedtls/repo/library/des.c","1056","5","1056","20"
"Use of a broken or risky cryptographic algorithm","Using broken or weak cryptographic algorithms can allow an attacker to compromise security.","error","This function call specifies a broken or weak cryptographic algorithm.","/third_party/mbedtls/repo/library/des.c","1057","5","1057","21"
"Use of a broken or risky cryptographic algorithm","Using broken or weak cryptographic algorithms can allow an attacker to compromise security.","error","This macro invocation specifies a broken or weak cryptographic algorithm.","/third_party/mbedtls/repo/library/des.c","776","17","776","52"
"Use of a broken or risky cryptographic algorithm","Using broken or weak cryptographic algorithms can allow an attacker to compromise security.","error","This macro invocation specifies a broken or weak cryptographic algorithm.","/third_party/mbedtls/repo/library/des.c","778","17","778","35"
"Use of a broken or risky cryptographic algorithm","Using broken or weak cryptographic algorithms can allow an attacker to compromise security.","error","This function call specifies a broken or weak cryptographic algorithm.","/third_party/mbedtls/repo/library/des.c","785","13","785","34"
"Use of a broken or risky cryptographic algorithm","Using broken or weak cryptographic algorithms can allow an attacker to compromise security.","error","This function call specifies a broken or weak cryptographic algorithm.","/third_party/mbedtls/repo/library/des.c","798","13","798","34"
"Use of a broken or risky cryptographic algorithm","Using broken or weak cryptographic algorithms can allow an attacker to compromise security.","error","This macro invocation specifies a broken or weak cryptographic algorithm.","/third_party/mbedtls/repo/library/des.c","732","5","732","18"
"Use of a broken or risky cryptographic algorithm","Using broken or weak cryptographic algorithms can allow an attacker to compromise security.","error","This macro invocation specifies a broken or weak cryptographic algorithm.","/third_party/mbedtls/repo/library/des.c","736","9","736","25"
"Use of a broken or risky cryptographic algorithm","Using broken or weak cryptographic algorithms can allow an attacker to compromise security.","error","This macro invocation specifies a broken or weak cryptographic algorithm.","/third_party/mbedtls/repo/library/des.c","737","9","737","25"
"Use of a broken or risky cryptographic algorithm","Using broken or weak cryptographic algorithms can allow an attacker to compromise security.","error","This macro invocation specifies a broken or weak cryptographic algorithm.","/third_party/mbedtls/repo/library/des.c","742","9","742","25"
"Use of a broken or risky cryptographic algorithm","Using broken or weak cryptographic algorithms can allow an attacker to compromise security.","error","This macro invocation specifies a broken or weak cryptographic algorithm.","/third_party/mbedtls/repo/library/des.c","743","9","743","25"
"Use of a broken or risky cryptographic algorithm","Using broken or weak cryptographic algorithms can allow an attacker to compromise security.","error","This macro invocation specifies a broken or weak cryptographic algorithm.","/third_party/mbedtls/repo/library/des.c","748","9","748","25"
"Use of a broken or risky cryptographic algorithm","Using broken or weak cryptographic algorithms can allow an attacker to compromise security.","error","This macro invocation specifies a broken or weak cryptographic algorithm.","/third_party/mbedtls/repo/library/des.c","749","9","749","25"
"Use of a broken or risky cryptographic algorithm","Using broken or weak cryptographic algorithms can allow an attacker to compromise security.","error","This macro invocation specifies a broken or weak cryptographic algorithm.","/third_party/mbedtls/repo/library/des.c","752","5","752","18"
"Use of a broken or risky cryptographic algorithm","Using broken or weak cryptographic algorithms can allow an attacker to compromise security.","error","This macro invocation specifies a broken or weak cryptographic algorithm.","/third_party/mbedtls/repo/library/des.c","677","17","677","52"
"Use of a broken or risky cryptographic algorithm","Using broken or weak cryptographic algorithms can allow an attacker to compromise security.","error","This macro invocation specifies a broken or weak cryptographic algorithm.","/third_party/mbedtls/repo/library/des.c","679","17","679","35"
"Use of a broken or risky cryptographic algorithm","Using broken or weak cryptographic algorithms can allow an attacker to compromise security.","error","This function call specifies a broken or weak cryptographic algorithm.","/third_party/mbedtls/repo/library/des.c","686","13","686","33"
"Use of a broken or risky cryptographic algorithm","Using broken or weak cryptographic algorithms can allow an attacker to compromise security.","error","This function call specifies a broken or weak cryptographic algorithm.","/third_party/mbedtls/repo/library/des.c","699","13","699","33"
"Use of a broken or risky cryptographic algorithm","Using broken or weak cryptographic algorithms can allow an attacker to compromise security.","error","This macro invocation specifies a broken or weak cryptographic algorithm.","/third_party/mbedtls/repo/library/des.c","645","5","645","18"
"Use of a broken or risky cryptographic algorithm","Using broken or weak cryptographic algorithms can allow an attacker to compromise security.","error","This macro invocation specifies a broken or weak cryptographic algorithm.","/third_party/mbedtls/repo/library/des.c","649","9","649","25"
"Use of a broken or risky cryptographic algorithm","Using broken or weak cryptographic algorithms can allow an attacker to compromise security.","error","This macro invocation specifies a broken or weak cryptographic algorithm.","/third_party/mbedtls/repo/library/des.c","650","9","650","25"
"Use of a broken or risky cryptographic algorithm","Using broken or weak cryptographic algorithms can allow an attacker to compromise security.","error","This macro invocation specifies a broken or weak cryptographic algorithm.","/third_party/mbedtls/repo/library/des.c","653","5","653","18"
"Use of a broken or risky cryptographic algorithm","Using broken or weak cryptographic algorithms can allow an attacker to compromise security.","error","This macro invocation specifies a broken or weak cryptographic algorithm.","/third_party/mbedtls/repo/library/des.c","619","47","619","66"
"Use of a broken or risky cryptographic algorithm","Using broken or weak cryptographic algorithms can allow an attacker to compromise security.","error","This function call specifies a broken or weak cryptographic algorithm.","/third_party/mbedtls/repo/library/des.c","623","5","623","16"
"Use of a broken or risky cryptographic algorithm","Using broken or weak cryptographic algorithms can allow an attacker to compromise security.","error","This macro invocation specifies a broken or weak cryptographic algorithm.","/third_party/mbedtls/repo/library/des.c","605","47","605","66"
"Use of a broken or risky cryptographic algorithm","Using broken or weak cryptographic algorithms can allow an attacker to compromise security.","error","This function call specifies a broken or weak cryptographic algorithm.","/third_party/mbedtls/repo/library/des.c","609","5","609","16"
"Use of a broken or risky cryptographic algorithm","Using broken or weak cryptographic algorithms can allow an attacker to compromise security.","error","This function call specifies a broken or weak cryptographic algorithm.","/third_party/mbedtls/repo/library/des.c","584","5","584","22"
"Use of a broken or risky cryptographic algorithm","Using broken or weak cryptographic algorithms can allow an attacker to compromise security.","error","This function call specifies a broken or weak cryptographic algorithm.","/third_party/mbedtls/repo/library/des.c","585","5","585","22"
"Use of a broken or risky cryptographic algorithm","Using broken or weak cryptographic algorithms can allow an attacker to compromise security.","error","This function call specifies a broken or weak cryptographic algorithm.","/third_party/mbedtls/repo/library/des.c","586","5","586","22"
"Use of a broken or risky cryptographic algorithm","Using broken or weak cryptographic algorithms can allow an attacker to compromise security.","error","This macro invocation specifies a broken or weak cryptographic algorithm.","/third_party/mbedtls/repo/library/des.c","568","47","568","66"
"Use of a broken or risky cryptographic algorithm","Using broken or weak cryptographic algorithms can allow an attacker to compromise security.","error","This function call specifies a broken or weak cryptographic algorithm.","/third_party/mbedtls/repo/library/des.c","572","5","572","16"
"Use of a broken or risky cryptographic algorithm","Using broken or weak cryptographic algorithms can allow an attacker to compromise security.","error","This macro invocation specifies a broken or weak cryptographic algorithm.","/third_party/mbedtls/repo/library/des.c","554","47","554","66"
"Use of a broken or risky cryptographic algorithm","Using broken or weak cryptographic algorithms can allow an attacker to compromise security.","error","This function call specifies a broken or weak cryptographic algorithm.","/third_party/mbedtls/repo/library/des.c","558","5","558","16"
"Use of a broken or risky cryptographic algorithm","Using broken or weak cryptographic algorithms can allow an attacker to compromise security.","error","This macro invocation specifies a broken or weak cryptographic algorithm.","/third_party/mbedtls/repo/library/des.c","527","51","527","70"
"Use of a broken or risky cryptographic algorithm","Using broken or weak cryptographic algorithms can allow an attacker to compromise security.","error","This function call specifies a broken or weak cryptographic algorithm.","/third_party/mbedtls/repo/library/des.c","531","5","531","22"
"Use of a broken or risky cryptographic algorithm","Using broken or weak cryptographic algorithms can allow an attacker to compromise security.","error","This function call specifies a broken or weak cryptographic algorithm.","/third_party/mbedtls/repo/library/des.c","532","5","532","22"
"Use of a broken or risky cryptographic algorithm","Using broken or weak cryptographic algorithms can allow an attacker to compromise security.","error","This macro invocation specifies a broken or weak cryptographic algorithm.","/third_party/mbedtls/repo/library/des.c","510","79","510","98"
"Use of a broken or risky cryptographic algorithm","Using broken or weak cryptographic algorithms can allow an attacker to compromise security.","error","This function call specifies a broken or weak cryptographic algorithm.","/third_party/mbedtls/repo/library/des.c","514","5","514","22"
"Use of a broken or risky cryptographic algorithm","Using broken or weak cryptographic algorithms can allow an attacker to compromise security.","error","This macro invocation specifies a broken or weak cryptographic algorithm.","/third_party/mbedtls/repo/library/des.c","500","79","500","98"
"Use of a broken or risky cryptographic algorithm","Using broken or weak cryptographic algorithms can allow an attacker to compromise security.","error","This function call specifies a broken or weak cryptographic algorithm.","/third_party/mbedtls/repo/library/des.c","502","5","502","22"
"Use of a broken or risky cryptographic algorithm","Using broken or weak cryptographic algorithms can allow an attacker to compromise security.","error","This macro invocation specifies a broken or weak cryptographic algorithm.","/third_party/mbedtls/repo/library/des.c","427","67","427","86"
"Use of a broken or risky cryptographic algorithm","Using broken or weak cryptographic algorithms can allow an attacker to compromise security.","error","This macro invocation specifies a broken or weak cryptographic algorithm.","/third_party/mbedtls/repo/library/des.c","415","57","415","76"
"Use of a broken or risky cryptographic algorithm","Using broken or weak cryptographic algorithms can allow an attacker to compromise security.","error","This macro invocation specifies a broken or weak cryptographic algorithm.","/third_party/mbedtls/repo/library/des.c","420","45","420","64"
"Use of a broken or risky cryptographic algorithm","Using broken or weak cryptographic algorithms can allow an attacker to compromise security.","error","This macro invocation specifies a broken or weak cryptographic algorithm.","/third_party/mbedtls/repo/library/des.c","394","59","394","78"
"Use of a broken or risky cryptographic algorithm","Using broken or weak cryptographic algorithms can allow an attacker to compromise security.","error","This macro invocation specifies a broken or weak cryptographic algorithm.","/third_party/mbedtls/repo/library/des.c","360","63","360","82"
"Use of a broken or risky cryptographic algorithm","Using broken or weak cryptographic algorithms can allow an attacker to compromise security.","error","This macro invocation specifies a broken or weak cryptographic algorithm.","/third_party/mbedtls/repo/library/des.c","364","21","364","40"
"Use of a broken or risky cryptographic algorithm","Using broken or weak cryptographic algorithms can allow an attacker to compromise security.","error","This macro invocation specifies a broken or weak cryptographic algorithm.","/third_party/mbedtls/repo/library/des.c","349","52","349","71"
"Use of a broken or risky cryptographic algorithm","Using broken or weak cryptographic algorithms can allow an attacker to compromise security.","error","This macro invocation specifies a broken or weak cryptographic algorithm.","/third_party/mbedtls/repo/library/des.c","353","21","353","40"
"Use of a broken or risky cryptographic algorithm","Using broken or weak cryptographic algorithms can allow an attacker to compromise security.","error","This macro invocation specifies a broken or weak cryptographic algorithm.","/third_party/mbedtls/repo/library/error.c","736","22","736","57"
"Use of a broken or risky cryptographic algorithm","Using broken or weak cryptographic algorithms can allow an attacker to compromise security.","error","This macro invocation specifies a broken or weak cryptographic algorithm.","/third_party/mbedtls/repo/library/error.c","738","22","738","52"
"Use of a broken or risky cryptographic algorithm","Using broken or weak cryptographic algorithms can allow an attacker to compromise security.","error","This macro invocation specifies a broken or weak cryptographic algorithm.","/third_party/mbedtls/repo/library/oid.c","705","11","705","61"
"Use of a broken or risky cryptographic algorithm","Using broken or weak cryptographic algorithms can allow an attacker to compromise security.","error","This macro invocation specifies a broken or weak cryptographic algorithm.","/third_party/mbedtls/repo/library/oid.c","709","11","709","61"
"Use of a broken or risky cryptographic algorithm","Using broken or weak cryptographic algorithms can allow an attacker to compromise security.","error","This macro invocation specifies a broken or weak cryptographic algorithm.","/third_party/mbedtls/repo/library/oid.c","558","11","558","40"
"Use of a broken or risky cryptographic algorithm","Using broken or weak cryptographic algorithms can allow an attacker to compromise security.","error","This macro invocation specifies a broken or weak cryptographic algorithm.","/third_party/mbedtls/repo/library/oid.c","562","11","562","45"
"Use of a broken or risky cryptographic algorithm","Using broken or weak cryptographic algorithms can allow an attacker to compromise security.","error","This function call specifies a broken or weak cryptographic algorithm.","/third_party/mbedtls/repo/library/pem.c","378","19","378","34"
"Use of a broken or risky cryptographic algorithm","Using broken or weak cryptographic algorithms can allow an attacker to compromise security.","error","This function call specifies a broken or weak cryptographic algorithm.","/third_party/mbedtls/repo/library/pem.c","380","19","380","33"
"Use of a broken or risky cryptographic algorithm","Using broken or weak cryptographic algorithms can allow an attacker to compromise security.","error","This function call specifies a broken or weak cryptographic algorithm.","/third_party/mbedtls/repo/library/pem.c","179","5","179","21"
"Use of a broken or risky cryptographic algorithm","Using broken or weak cryptographic algorithms can allow an attacker to compromise security.","error","This function call specifies a broken or weak cryptographic algorithm.","/third_party/mbedtls/repo/library/pem.c","184","17","184","40"
"Use of a broken or risky cryptographic algorithm","Using broken or weak cryptographic algorithms can allow an attacker to compromise security.","error","This macro invocation specifies a broken or weak cryptographic algorithm.","/third_party/mbedtls/repo/library/pem.c","186","46","186","64"
"Use of a broken or risky cryptographic algorithm","Using broken or weak cryptographic algorithms can allow an attacker to compromise security.","error","This function call specifies a broken or weak cryptographic algorithm.","/third_party/mbedtls/repo/library/pem.c","186","11","186","32"
"Use of a broken or risky cryptographic algorithm","Using broken or weak cryptographic algorithms can allow an attacker to compromise security.","error","This function call specifies a broken or weak cryptographic algorithm.","/third_party/mbedtls/repo/library/pem.c","190","5","190","21"
"Use of a broken or risky cryptographic algorithm","Using broken or weak cryptographic algorithms can allow an attacker to compromise security.","error","This function call specifies a broken or weak cryptographic algorithm.","/third_party/mbedtls/repo/library/pem.c","151","5","151","20"
"Use of a broken or risky cryptographic algorithm","Using broken or weak cryptographic algorithms can allow an attacker to compromise security.","error","This function call specifies a broken or weak cryptographic algorithm.","/third_party/mbedtls/repo/library/pem.c","156","17","156","38"
"Use of a broken or risky cryptographic algorithm","Using broken or weak cryptographic algorithms can allow an attacker to compromise security.","error","This macro invocation specifies a broken or weak cryptographic algorithm.","/third_party/mbedtls/repo/library/pem.c","158","44","158","62"
"Use of a broken or risky cryptographic algorithm","Using broken or weak cryptographic algorithms can allow an attacker to compromise security.","error","This function call specifies a broken or weak cryptographic algorithm.","/third_party/mbedtls/repo/library/pem.c","158","11","158","31"
"Use of a broken or risky cryptographic algorithm","Using broken or weak cryptographic algorithms can allow an attacker to compromise security.","error","This function call specifies a broken or weak cryptographic algorithm.","/third_party/mbedtls/repo/library/pem.c","162","5","162","20"
"Use of a broken or risky cryptographic algorithm","Using broken or weak cryptographic algorithms can allow an attacker to compromise security.","error","This macro invocation specifies a broken or weak cryptographic algorithm.","/third_party/mbedtls/repo/library/pkparse.c","1113","14","1113","81"
"Use of a broken or risky cryptographic algorithm","Using broken or weak cryptographic algorithms can allow an attacker to compromise security.","error","This function call specifies a broken or weak cryptographic algorithm.","/third_party/mbedtls/repo/library/pkparse.c","1115","21","1115","51"
"Use of a broken or risky cryptographic algorithm","Using broken or weak cryptographic algorithms can allow an attacker to compromise security.","error","This macro invocation specifies a broken or weak cryptographic algorithm.","/third_party/mbedtls/repo/library/ssl_ciphersuites.c","499","7","499","51"
"Use of a broken or risky cryptographic algorithm","Using broken or weak cryptographic algorithms can allow an attacker to compromise security.","error","This macro invocation specifies a broken or weak cryptographic algorithm.","/third_party/mbedtls/repo/library/ssl_ciphersuites.c","510","7","510","46"
"Use of a broken or risky cryptographic algorithm","Using broken or weak cryptographic algorithms can allow an attacker to compromise security.","error","This macro invocation specifies a broken or weak cryptographic algorithm.","/third_party/mbedtls/repo/library/ssl_ciphersuites.c","618","7","618","49"
"Use of a broken or risky cryptographic algorithm","Using broken or weak cryptographic algorithms can allow an attacker to compromise security.","error","This macro invocation specifies a broken or weak cryptographic algorithm.","/third_party/mbedtls/repo/library/ssl_ciphersuites.c","629","7","629","44"
"Use of a broken or risky cryptographic algorithm","Using broken or weak cryptographic algorithms can allow an attacker to compromise security.","error","This macro invocation specifies a broken or weak cryptographic algorithm.","/third_party/mbedtls/repo/library/ssl_ciphersuites.c","773","7","773","47"
"Use of a broken or risky cryptographic algorithm","Using broken or weak cryptographic algorithms can allow an attacker to compromise security.","error","This macro invocation specifies a broken or weak cryptographic algorithm.","/third_party/mbedtls/repo/library/ssl_ciphersuites.c","909","7","909","43"
"Use of a broken or risky cryptographic algorithm","Using broken or weak cryptographic algorithms can allow an attacker to compromise security.","error","This macro invocation specifies a broken or weak cryptographic algorithm.","/third_party/mbedtls/repo/library/ssl_ciphersuites.c","920","7","920","38"
"Use of a broken or risky cryptographic algorithm","Using broken or weak cryptographic algorithms can allow an attacker to compromise security.","error","This macro invocation specifies a broken or weak cryptographic algorithm.","/third_party/mbedtls/repo/library/ssl_ciphersuites.c","928","7","928","38"
"Use of a broken or risky cryptographic algorithm","Using broken or weak cryptographic algorithms can allow an attacker to compromise security.","error","This macro invocation specifies a broken or weak cryptographic algorithm.","/third_party/mbedtls/repo/library/ssl_ciphersuites.c","1026","7","1026","48"
"Use of a broken or risky cryptographic algorithm","Using broken or weak cryptographic algorithms can allow an attacker to compromise security.","error","This macro invocation specifies a broken or weak cryptographic algorithm.","/third_party/mbedtls/repo/library/ssl_ciphersuites.c","1037","7","1037","43"
"Use of a broken or risky cryptographic algorithm","Using broken or weak cryptographic algorithms can allow an attacker to compromise security.","error","This macro invocation specifies a broken or weak cryptographic algorithm.","/third_party/mbedtls/repo/library/ssl_ciphersuites.c","1145","7","1145","50"
"Use of a broken or risky cryptographic algorithm","Using broken or weak cryptographic algorithms can allow an attacker to compromise security.","error","This macro invocation specifies a broken or weak cryptographic algorithm.","/third_party/mbedtls/repo/library/ssl_ciphersuites.c","1156","7","1156","45"
"Use of a broken or risky cryptographic algorithm","Using broken or weak cryptographic algorithms can allow an attacker to compromise security.","error","This macro invocation specifies a broken or weak cryptographic algorithm.","/third_party/mbedtls/repo/library/ssl_ciphersuites.c","1291","7","1291","43"
"Use of a broken or risky cryptographic algorithm","Using broken or weak cryptographic algorithms can allow an attacker to compromise security.","error","This macro invocation specifies a broken or weak cryptographic algorithm.","/third_party/mbedtls/repo/library/ssl_ciphersuites.c","1302","7","1302","38"
"Use of a broken or risky cryptographic algorithm","Using broken or weak cryptographic algorithms can allow an attacker to compromise security.","error","This macro invocation specifies a broken or weak cryptographic algorithm.","/third_party/mbedtls/repo/library/ssl_ciphersuites.c","1427","7","1427","47"
"Use of a broken or risky cryptographic algorithm","Using broken or weak cryptographic algorithms can allow an attacker to compromise security.","error","This macro invocation specifies a broken or weak cryptographic algorithm.","/third_party/mbedtls/repo/library/ssl_ciphersuites.c","1438","7","1438","42"
"Use of a broken or risky cryptographic algorithm","Using broken or weak cryptographic algorithms can allow an attacker to compromise security.","error","This macro invocation specifies a broken or weak cryptographic algorithm.","/third_party/mbedtls/repo/library/ssl_ciphersuites.c","1506","7","1506","49"
"Use of a broken or risky cryptographic algorithm","Using broken or weak cryptographic algorithms can allow an attacker to compromise security.","error","This macro invocation specifies a broken or weak cryptographic algorithm.","/third_party/mbedtls/repo/library/ssl_ciphersuites.c","1517","7","1517","44"
"Use of a broken or risky cryptographic algorithm","Using broken or weak cryptographic algorithms can allow an attacker to compromise security.","error","This macro invocation specifies a broken or weak cryptographic algorithm.","/third_party/mbedtls/repo/library/ssl_ciphersuites.c","1620","7","1620","47"
"Use of a broken or risky cryptographic algorithm","Using broken or weak cryptographic algorithms can allow an attacker to compromise security.","error","This macro invocation specifies a broken or weak cryptographic algorithm.","/third_party/mbedtls/repo/library/ssl_ciphersuites.c","1631","7","1631","42"
"Use of a broken or risky cryptographic algorithm","Using broken or weak cryptographic algorithms can allow an attacker to compromise security.","error","This macro invocation specifies a broken or weak cryptographic algorithm.","/third_party/mbedtls/repo/library/ssl_ciphersuites.c","264","5","264","49"
"Use of a broken or risky cryptographic algorithm","Using broken or weak cryptographic algorithms can allow an attacker to compromise security.","error","This macro invocation specifies a broken or weak cryptographic algorithm.","/third_party/mbedtls/repo/library/ssl_ciphersuites.c","265","5","265","47"
"Use of a broken or risky cryptographic algorithm","Using broken or weak cryptographic algorithms can allow an attacker to compromise security.","error","This macro invocation specifies a broken or weak cryptographic algorithm.","/third_party/mbedtls/repo/library/ssl_ciphersuites.c","266","5","266","45"
"Use of a broken or risky cryptographic algorithm","Using broken or weak cryptographic algorithms can allow an attacker to compromise security.","error","This macro invocation specifies a broken or weak cryptographic algorithm.","/third_party/mbedtls/repo/library/ssl_ciphersuites.c","267","5","267","47"
"Use of a broken or risky cryptographic algorithm","Using broken or weak cryptographic algorithms can allow an attacker to compromise security.","error","This macro invocation specifies a broken or weak cryptographic algorithm.","/third_party/mbedtls/repo/library/ssl_ciphersuites.c","268","5","268","45"
"Use of a broken or risky cryptographic algorithm","Using broken or weak cryptographic algorithms can allow an attacker to compromise security.","error","This macro invocation specifies a broken or weak cryptographic algorithm.","/third_party/mbedtls/repo/library/ssl_ciphersuites.c","269","5","269","41"
"Use of a broken or risky cryptographic algorithm","Using broken or weak cryptographic algorithms can allow an attacker to compromise security.","error","This macro invocation specifies a broken or weak cryptographic algorithm.","/third_party/mbedtls/repo/library/ssl_ciphersuites.c","270","5","270","46"
"Use of a broken or risky cryptographic algorithm","Using broken or weak cryptographic algorithms can allow an attacker to compromise security.","error","This macro invocation specifies a broken or weak cryptographic algorithm.","/third_party/mbedtls/repo/library/ssl_ciphersuites.c","271","5","271","48"
"Use of a broken or risky cryptographic algorithm","Using broken or weak cryptographic algorithms can allow an attacker to compromise security.","error","This macro invocation specifies a broken or weak cryptographic algorithm.","/third_party/mbedtls/repo/library/ssl_ciphersuites.c","272","5","272","45"
"Use of a broken or risky cryptographic algorithm","Using broken or weak cryptographic algorithms can allow an attacker to compromise security.","error","This macro invocation specifies a broken or weak cryptographic algorithm.","/third_party/mbedtls/repo/library/ssl_ciphersuites.c","273","5","273","41"
"Use of a broken or risky cryptographic algorithm","Using broken or weak cryptographic algorithms can allow an attacker to compromise security.","error","This macro invocation specifies a broken or weak cryptographic algorithm.","/third_party/mbedtls/repo/library/ssl_ciphersuites.c","276","5","276","44"
"Use of a broken or risky cryptographic algorithm","Using broken or weak cryptographic algorithms can allow an attacker to compromise security.","error","This macro invocation specifies a broken or weak cryptographic algorithm.","/third_party/mbedtls/repo/library/ssl_ciphersuites.c","277","5","277","42"
"Use of a broken or risky cryptographic algorithm","Using broken or weak cryptographic algorithms can allow an attacker to compromise security.","error","This macro invocation specifies a broken or weak cryptographic algorithm.","/third_party/mbedtls/repo/library/ssl_ciphersuites.c","278","5","278","42"
"Use of a broken or risky cryptographic algorithm","Using broken or weak cryptographic algorithms can allow an attacker to compromise security.","error","This macro invocation specifies a broken or weak cryptographic algorithm.","/third_party/mbedtls/repo/library/ssl_ciphersuites.c","279","5","279","40"
"Use of a broken or risky cryptographic algorithm","Using broken or weak cryptographic algorithms can allow an attacker to compromise security.","error","This macro invocation specifies a broken or weak cryptographic algorithm.","/third_party/mbedtls/repo/library/ssl_ciphersuites.c","280","5","280","36"
"Use of a broken or risky cryptographic algorithm","Using broken or weak cryptographic algorithms can allow an attacker to compromise security.","error","This macro invocation specifies a broken or weak cryptographic algorithm.","/third_party/mbedtls/repo/library/ssl_ciphersuites.c","281","5","281","36"
"Use of a broken or risky cryptographic algorithm","Using broken or weak cryptographic algorithms can allow an attacker to compromise security.","error","This macro invocation specifies a broken or weak cryptographic algorithm.","/third_party/mbedtls/repo/library/ssl_ciphersuites.c","282","5","282","41"
"Use of a broken or risky cryptographic algorithm","Using broken or weak cryptographic algorithms can allow an attacker to compromise security.","error","This macro invocation specifies a broken or weak cryptographic algorithm.","/third_party/mbedtls/repo/library/ssl_ciphersuites.c","283","5","283","43"
"Use of a broken or risky cryptographic algorithm","Using broken or weak cryptographic algorithms can allow an attacker to compromise security.","error","This macro invocation specifies a broken or weak cryptographic algorithm.","/third_party/mbedtls/repo/library/ssl_ciphersuites.c","284","5","284","40"
"Use of a broken or risky cryptographic algorithm","Using broken or weak cryptographic algorithms can allow an attacker to compromise security.","error","This macro invocation specifies a broken or weak cryptographic algorithm.","/third_party/mbedtls/repo/library/ssl_ciphersuites.c","285","5","285","36"
"Use of a broken or risky cryptographic algorithm","Using broken or weak cryptographic algorithms can allow an attacker to compromise security.","error","This macro invocation specifies a broken or weak cryptographic algorithm.","/third_party/mbedtls/repo/library/ssl_ciphersuites.c","288","5","288","40"
"Use of a broken or risky cryptographic algorithm","Using broken or weak cryptographic algorithms can allow an attacker to compromise security.","error","This macro invocation specifies a broken or weak cryptographic algorithm.","/third_party/mbedtls/repo/library/ssl_ciphersuites.c","289","5","289","36"
"Conditionally uninitialized variable","An initialization function is used to initialize a local variable, but the returned status code is not checked. The variable may be left in an uninitialized state, and reading the variable may result in undefined behavior.","warning","The status of this call to [[""AddToRetransTable""|""relative:///src/messaging/ReliableMessageMgr.cpp:247:12:247:48""]] is not checked, potentially leaving [[""entry""|""relative:///src/messaging/tests/TestReliableMessageProtocol.cpp:119:45:119:49""]] uninitialized.","/src/messaging/tests/TestReliableMessageProtocol.cpp","121","9","121","25"
"Suspicious pointer scaling to char","Implicit scaling of pointer arithmetic expressions can cause buffer overflow conditions.","warning","This pointer might have type [[""PrivateHeapBlockHeader""|""relative:///src/lib/support/PrivateHeap.cpp:145:40:145:49""]] (size 16), but the pointer arithmetic here is done with type char * (size 1).","/src/lib/support/PrivateHeap.cpp","180","85","180","94"
"Suspicious pointer scaling to char","Implicit scaling of pointer arithmetic expressions can cause buffer overflow conditions.","warning","This pointer might have type [[""PacketBuffer""|""relative:///src/system/SystemPacketBuffer.cpp:136:59:136:65""]] (size 24), but the pointer arithmetic here is done with type uint8_t * (size 1).","/src/system/SystemPacketBuffer.cpp","136","59","136","65"
"Suspicious pointer scaling to char","Implicit scaling of pointer arithmetic expressions can cause buffer overflow conditions.","warning","This pointer might have type [[""PacketBuffer""|""relative:///src/system/SystemPacketBuffer.cpp:652:50:652:56""]] (size 24), but the pointer arithmetic here is done with type uint8_t * (size 1).","/src/system/SystemPacketBuffer.cpp","652","50","652","56"
"Suspicious pointer scaling to char","Implicit scaling of pointer arithmetic expressions can cause buffer overflow conditions.","warning","This pointer might have type [[""PacketBuffer""|""relative:///src/system/SystemPacketBuffer.cpp:642:36:642:42""]] (size 24), but the pointer arithmetic here is done with type uint8_t * (size 1).
This pointer might have type [[""PacketBuffer""|""relative:///src/system/SystemPacketBuffer.cpp:642:87:642:99""]] (size 24), but the pointer arithmetic here is done with type uint8_t * (size 1).","/src/system/SystemPacketBuffer.cpp","653","44","653","51"
"Suspicious pointer scaling to char","Implicit scaling of pointer arithmetic expressions can cause buffer overflow conditions.","warning","This pointer might have type [[""PacketBuffer""|""relative:///src/system/SystemPacketBuffer.cpp:285:58:285:61""]] (size 24), but the pointer arithmetic here is done with type uint8_t * (size 1).","/src/system/SystemPacketBuffer.cpp","285","58","285","61"
"Suspicious pointer scaling to char","Implicit scaling of pointer arithmetic expressions can cause buffer overflow conditions.","warning","This pointer might have type [[""PacketBuffer""|""relative:///src/system/SystemPacketBuffer.cpp:239:70:239:73""]] (size 24), but the pointer arithmetic here is done with type const uint8_t * (size 1).","/src/system/SystemPacketBuffer.cpp","239","70","239","73"
"Suspicious pointer scaling to char","Implicit scaling of pointer arithmetic expressions can cause buffer overflow conditions.","warning","This pointer might have type [[""PacketBuffer""|""relative:///src/system/SystemPacketBuffer.cpp:196:58:196:61""]] (size 24), but the pointer arithmetic here is done with type uint8_t * (size 1).","/src/system/SystemPacketBuffer.cpp","196","58","196","61"
"Suspicious pointer scaling to char","Implicit scaling of pointer arithmetic expressions can cause buffer overflow conditions.","warning","This pointer might have type [[""PacketBuffer""|""relative:///src/system/SystemPacketBuffer.cpp:196:58:196:61""]] (size 24), but the pointer arithmetic here is done with type uint8_t * (size 1).","/src/system/SystemPacketBuffer.cpp","197","30","197","35"
"Suspicious pointer scaling to char","Implicit scaling of pointer arithmetic expressions can cause buffer overflow conditions.","warning","This pointer might have type [[""PacketBuffer""|""relative:///src/system/tests/TestSystemPacketBuffer.cpp:299:70:299:72""]] (size 24), but the pointer arithmetic here is done with type uint8_t * (size 1).","/src/system/tests/TestSystemPacketBuffer.cpp","300","12","300","14"
"Suspicious pointer scaling to char","Implicit scaling of pointer arithmetic expressions can cause buffer overflow conditions.","warning","This pointer might have type [[""PacketBuffer""|""relative:///src/system/tests/TestSystemPacketBuffer.cpp:299:70:299:72""]] (size 24), but the pointer arithmetic here is done with type uint8_t * (size 1).","/src/system/tests/TestSystemPacketBuffer.cpp","303","28","303","30"
"Suspicious pointer scaling to char","Implicit scaling of pointer arithmetic expressions can cause buffer overflow conditions.","warning","This pointer might have type [[""tcp_hdr""|""relative:///third_party/lwip/repo/lwip/src/core/tcp_in.c:1734:26:1734:31""]] (size 20), but the pointer arithmetic here is done with type u8_t * (size 1).","/third_party/lwip/repo/lwip/src/core/tcp_in.c","1734","26","1734","31"
"Suspicious pointer scaling to char","Implicit scaling of pointer arithmetic expressions can cause buffer overflow conditions.","warning","This pointer might have type [[""unsigned long""|""relative:///third_party/mbedtls/repo/library/bignum.c:2219:30:2219:30""]] (size 8), but the pointer arithmetic here is done with type unsigned char * (size 1).","/third_party/mbedtls/repo/library/bignum.c","2220","19","2220","20"
"Suspicious pointer scaling to char","Implicit scaling of pointer arithmetic expressions can cause buffer overflow conditions.","warning","This pointer might have type [[""unsigned long""|""relative:///third_party/mbedtls/repo/library/bignum.c:883:34:883:34""]] (size 8), but the pointer arithmetic here is done with type unsigned char * (size 1).","/third_party/mbedtls/repo/library/bignum.c","884","17","884","18"
"File created without restricting permissions","Creating a file that is world-writable can allow an attacker to write to the file.","warning","A file may be created here with mode 0666, which would make it world-writable.","/third_party/mbedtls/repo/library/ctr_drbg.c","573","15","573","19"
"File created without restricting permissions","Creating a file that is world-writable can allow an attacker to write to the file.","warning","A file may be created here with mode 0666, which would make it world-writable.","/third_party/mbedtls/repo/library/entropy.c","470","15","470","19"
"File created without restricting permissions","Creating a file that is world-writable can allow an attacker to write to the file.","warning","A file may be created here with mode 0666, which would make it world-writable.","/third_party/mbedtls/repo/library/hmac_drbg.c","396","15","396","19"
